"Site_ID","Lake","LID","Monitoring_ID","Lat","Lon","Site_size","DHT","Date_Time","Weather","Lake_water_clarity_m","Sediment_sample","Macrophyte_sample","Distance_5m","Distance_20m","Distance_deep","Calculated_slope","Notes","Size_m2","Perimter_m","Size_km2","Perimter_km","Catchment_size_km2","Mean_depth_m","Max_depth_m","Volume_km3","Elevation_m","Mixing","TLI","Trophic_state","LakeSPI"
61,"Rotorua",11133,"61_0",-38.13512,176.2744,NA,"Sandy",2025-02-20 13:50:00,"Sunny",3.4,1,1,675.544467742378,1005.27744611391,663.554783619257,0.00753517286504706,"Close to geotehermal and has cold water spring",80632851.4203681,45495.9650385472,80.6328514203681,45.4959650385472,508,11,45,0.802,280,"Polymictic",4.2,"Eutrophic",22.4
62,"Rotorua",11133,"62_0",-38.08189,176.2798,NA,"Rocky",2025-02-20 11:45:00,"Sunny",3.4,1,0,107.152203579757,407.913942363974,104.987389019756,0.0476247675714568,NA,80632851.4203681,45495.9650385472,80.6328514203681,45.4959650385472,508,11,45,0.802,280,"Polymictic",4.2,"Eutrophic",22.4
63,"Rotorua",11133,"63_0",-38.03755,176.3071,NA,"Sandy",2025-02-20 11:00:00,"Sunny",3.4,1,1,335.663354943525,1173.15686417623,333.12002096304,0.0150096052033893,"Big rocks around",80632851.4203681,45495.9650385472,80.6328514203681,45.4959650385472,508,11,45,0.802,280,"Polymictic",4.2,"Eutrophic",22.4
64,"Rotorua",11133,"64_0",-38.03521,176.2489,NA,"Sandy",2025-02-20 10:00:00,"Cloudy",3.4,1,1,881.755858102286,4169.54573003321,881.75332127199,0.0056705201776696,"weeds washed to shore",80632851.4203681,45495.9650385472,80.6328514203681,45.4959650385472,508,11,45,0.802,280,"Polymictic",4.2,"Eutrophic",22.4
65,"Rotorua",11133,"65_0",-38.10975,176.2401,NA,"Sandy",2025-02-20 14:20:00,"Sunny",3.4,1,1,798.407848020856,2402.91237199327,797.286203279315,0.00627127370251049,NA,80632851.4203681,45495.9650385472,80.6328514203681,45.4959650385472,508,11,45,0.802,280,"Polymictic",4.2,"Eutrophic",22.4
66,"Rotorua",11133,"66_0",-38.08148,176.2956,NA,"Rocky",2025-02-20 12:15:00,"Sunny",3.4,1,1,30.9029838843823,1662.55932860984,30.5623995446806,0.163599719737001,NA,80632851.4203681,45495.9650385472,80.6328514203681,45.4959650385472,508,11,45,0.802,280,"Polymictic",4.2,"Eutrophic",22.4
67,"Rotorua",11133,"67_0",-38.08288,176.2185,NA,"Sandy",2025-02-20 15:00:00,"Sunny",3.4,1,1,529.912991610287,3907.56729122595,525.663116324665,0.00951179537753958,"close to river mouth nets a little distance from the shore",80632851.4203681,45495.9650385472,80.6328514203681,45.4959650385472,508,11,45,0.802,280,"Polymictic",4.2,"Eutrophic",22.4
68,"Rotorua",11133,"68_0",-38.12141,176.2892,NA,"Rocky",2025-02-20 13:00:00,"Sunny",3.4,1,1,542.819885740034,1760.11424159876,540.424301748185,0.00925198956417358,NA,80632851.4203681,45495.9650385472,80.6328514203681,45.4959650385472,508,11,45,0.802,280,"Polymictic",4.2,"Eutrophic",22.4
69,"Rotorua",11133,"69_0",-38.07818,176.3224,NA,"Sandy",2025-02-20 12:30:00,"Cloudy",3.4,1,1,612.831581113842,3408.42117385179,607.964205515417,0.00822416838794173,"Solid clay parts",80632851.4203681,45495.9650385472,80.6328514203681,45.4959650385472,508,11,45,0.802,280,"Polymictic",4.2,"Eutrophic",22.4
70,"Rotorua",11133,"70_0",-38.03394,176.2726,NA,"Sandy",2025-02-20 10:45:00,"Sunny",3.4,1,1,832.450910949518,3362.64448530982,832.390827925049,0.00600679372268409,"Next to rocky habitat",80632851.4203681,45495.9650385472,80.6328514203681,45.4959650385472,508,11,45,0.802,280,"Polymictic",4.2,"Eutrophic",22.4
71,"Rotorua",11133,"71_0",-38.03695,176.2407,NA,"Sandy",2025-02-20 09:42:00,"Sunny",3.4,1,1,700.069250211094,4451.62589357694,699.19990193821,0.00715103075120549,NA,80632851.4203681,45495.9650385472,80.6328514203681,45.4959650385472,508,11,45,0.802,280,"Polymictic",4.2,"Eutrophic",22.4
72,"Rotorua",11133,"72_0",-38.12632,176.2862,NA,"Sandy",2025-02-20 13:30:00,"Sunny",3.4,1,1,555.806656737179,1510.68334744727,549.720730064047,0.0090955274679517,NA,80632851.4203681,45495.9650385472,80.6328514203681,45.4959650385472,508,11,45,0.802,280,"Polymictic",4.2,"Eutrophic",22.4
73,"Rotoiti",54730,"73_0",-38.01677,176.421,NA,"Rocky",2025-01-16 13:05:00,"Cloudy",3.5,1,1,142.695643156613,187.90193049333,187.539175274033,0.106644384943977,NA,33805828.9569732,60736.7219804458,33.8058289569732,60.7367219804458,123.7,31.5,124,1.042,279,"Stratified",4.1,"Eutrophic",24.8
74,"Rotoiti",54730,"74_0",-38.05556,176.4599,NA,"Sandy",2025-01-16 14:09:00,"Rain",3.5,1,1,42.5585645107225,120.762133732937,120.328662180719,0.166211438218788,"1 fyke little loose",33805828.9569732,60736.7219804458,33.8058289569732,60.7367219804458,123.7,31.5,124,1.042,279,"Stratified",4.1,"Eutrophic",24.8
75,"Rotoiti",54730,"75_0",-38.03939,176.3589,NA,"Rocky",2025-01-15 11:15:00,"Sunny",3.5,0,0,46.7677196892938,127.574766026363,127.470750970965,0.156898738319629,"Badrock and to deep",33805828.9569732,60736.7219804458,33.8058289569732,60.7367219804458,123.7,31.5,124,1.042,279,"Stratified",4.1,"Eutrophic",24.8
76,"Rotoiti",54730,"76_0",-38.03097,176.3427,NA,"Sandy",2025-01-15 10:00:00,"Sunny",3.5,1,1,76.2907215469976,1089.87830649679,1089.20462436359,0.0183620226655627,"Kakahi a lot",33805828.9569732,60736.7219804458,33.8058289569732,60.7367219804458,123.7,31.5,124,1.042,279,"Stratified",4.1,"Eutrophic",24.8
77,"Rotoiti",54730,"77_0",-38.0251180435452,176.463774952595,NA,"Rocky",2025-01-16 13:30:00,"Rain",3.5,0,0,69.8757860966601,108.311478633236,107.901207823091,0.185354737018245,"Too deep",33805828.9569732,60736.7219804458,33.8058289569732,60.7367219804458,123.7,31.5,124,1.042,279,"Stratified",4.1,"Eutrophic",24.8
78,"Rotoiti",54730,"78_0",-38.04199,176.3709,NA,"Sandy",2025-01-15 12:30:00,"Sunny",3.5,1,1,134.630729995109,367.646537523441,365.236397766362,0.0547590550183714,"Kakahi",33805828.9569732,60736.7219804458,33.8058289569732,60.7367219804458,123.7,31.5,124,1.042,279,"Stratified",4.1,"Eutrophic",24.8
79,"Rotoiti",54730,"79_0",-38.0126473390111,176.369793141525,NA,"Emergent Macrophyte",2025-01-16 12:17:00,"Little Rain",3.5,1,1,109.038802370766,1088.63526201911,1087.1160731861,0.0183972995095035,"Re located a little",33805828.9569732,60736.7219804458,33.8058289569732,60.7367219804458,123.7,31.5,124,1.042,279,"Stratified",4.1,"Eutrophic",24.8
80,"Rotoiti",54730,"80_0",-38.0328958552285,176.352020200434,NA,"Emergent Macrophyte",2025-01-15 10:50:00,"Sunny",3,1,1,76.2622537040705,473.881552906032,471.962074330421,0.042376286332698,"Re located a little",33805828.9569732,60736.7219804458,33.8058289569732,60.7367219804458,123.7,31.5,124,1.042,279,"Stratified",4.1,"Eutrophic",24.8
81,"Rotoiti",54730,"81_0",-38.05074,176.4181,NA,"Sandy",2025-01-16 14:52:00,"Rain",3.5,1,1,31.7269199784361,201.736500112727,174.996338543086,0.11428810549128,"Kakahi",33805828.9569732,60736.7219804458,33.8058289569732,60.7367219804458,123.7,31.5,124,1.042,279,"Stratified",4.1,"Eutrophic",24.8
82,"Rotoiti",54730,"82_0",-38.04471,176.3388,NA,"Sandy",2025-01-15 10:20:00,"Sunny",3.5,1,1,81.1704431379574,1367.54466670901,1366.67904264963,0.0146340138217275,"Kakahi",33805828.9569732,60736.7219804458,33.8058289569732,60.7367219804458,123.7,31.5,124,1.042,279,"Stratified",4.1,"Eutrophic",24.8
83,"Rotoiti",54730,"83_0",-38.01494,176.3882,NA,"Rocky",2025-01-16 12:40:00,"Rain",3.5,1,1,16.5017772484988,56.6721201555145,56.312002703404,0.355164068757068,"Little cliff",33805828.9569732,60736.7219804458,33.8058289569732,60.7367219804458,123.7,31.5,124,1.042,279,"Stratified",4.1,"Eutrophic",24.8
84,"Rotoiti",54730,"84_0",-38.02867,176.3724,NA,"Sandy",2025-01-15 11:57:00,"Sunny",3.5,1,1,112.232822120845,260.512701999589,259.786453789301,0.0769863082092068,NA,33805828.9569732,60736.7219804458,33.8058289569732,60.7367219804458,123.7,31.5,124,1.042,279,"Stratified",4.1,"Eutrophic",24.8
85,"Rotoehu",40188,"85_0",-38.01509,176.5379,NA,"Sandy",2024-12-10 10:45:00,"Sunny",3.4,1,1,110.338362712395,NA,109.762152541457,0.0455530425035306,NA,7926889.28599053,39745.7375539529,7.92688928599053,39.7457375539529,49.2,8,13.5,0.061,295,"Polymictic",4.3,"Eutrophic",16.9
86,"Rotoehu",40188,"86_0",-38.00063,176.5327,NA,"Emergent Macrophyte",2024-12-10 11:30:00,"Sunny",4,1,1,29.7909216149725,NA,29.608065140077,0.168872905958049,NA,7926889.28599053,39745.7375539529,7.92688928599053,39.7457375539529,49.2,8,13.5,0.061,295,"Polymictic",4.3,"Eutrophic",16.9
87,"Rotoehu",40188,"87_0",-38.00663,176.5212,NA,"Sandy",2024-12-10 13:00:00,"Sunny",3.3,1,1,78.7926128316176,NA,78.7889268053283,0.0634606943226172,NA,7926889.28599053,39745.7375539529,7.92688928599053,39.7457375539529,49.2,8,13.5,0.061,295,"Polymictic",4.3,"Eutrophic",16.9
88,"Rotoehu",40188,"88_0",-38.03334,176.5261,NA,"Sandy",2024-12-11 17:30:00,"Sunny",3.4,1,1,132.646044707064,NA,131.908502903605,0.0379050621448858,NA,7926889.28599053,39745.7375539529,7.92688928599053,39.7457375539529,49.2,8,13.5,0.061,295,"Polymictic",4.3,"Eutrophic",16.9
89,"Rotoehu",40188,"89_0",-37.99952,176.537,NA,"Emergent Macrophyte",2024-12-10 12:17:00,"Sunny",3.4,1,1,170.468039942681,NA,170.312698842019,0.0293577638895733,"also little sandy",7926889.28599053,39745.7375539529,7.92688928599053,39.7457375539529,49.2,8,13.5,0.061,295,"Polymictic",4.3,"Eutrophic",16.9
90,"Rotoehu",40188,"90_0",-37.99986,176.5215,NA,"Sandy",2024-12-10 12:45:00,"Sunny",3.4,1,1,85.1881757402259,NA,84.527911993492,0.05915205855771,NA,7926889.28599053,39745.7375539529,7.92688928599053,39.7457375539529,49.2,8,13.5,0.061,295,"Polymictic",4.3,"Eutrophic",16.9
91,"Rotoehu",40188,"91_0",-38.0143,176.5179,NA,"Sandy",2024-12-11 15:55:00,"Cloudy",3.4,1,1,60.8609339586129,NA,60.7338903342372,0.0823263580265231,NA,7926889.28599053,39745.7375539529,7.92688928599053,39.7457375539529,49.2,8,13.5,0.061,295,"Polymictic",4.3,"Eutrophic",16.9
92,"Rotoehu",40188,"92_0",-38.03574,176.5167,NA,"Emergent Macrophyte",2024-12-11 17:00:00,"Sunny",3.4,1,1,242.351268085741,NA,241.86196155345,0.0206729490155691,NA,7926889.28599053,39745.7375539529,7.92688928599053,39.7457375539529,49.2,8,13.5,0.061,295,"Polymictic",4.3,"Eutrophic",16.9
93,"Rotoehu",40188,"93_0",-38.00562,176.5442,NA,"Emergent Macrophyte",2024-12-10 11:20:00,"Sunny",3.4,1,1,159.634246481691,NA,157.403293407812,0.031765536106323,NA,7926889.28599053,39745.7375539529,7.92688928599053,39.7457375539529,49.2,8,13.5,0.061,295,"Polymictic",4.3,"Eutrophic",16.9
94,"Rotoehu",40188,"94_0",-38.01219,176.5122,NA,"Sandy",2024-12-11 15:38:00,"Cloudy",3.4,1,1,74.2198863511671,NA,73.8193002366027,0.0677329639264284,NA,7926889.28599053,39745.7375539529,7.92688928599053,39.7457375539529,49.2,8,13.5,0.061,295,"Polymictic",4.3,"Eutrophic",16.9
95,"Rotoehu",40188,"95_0",-38.02335,176.5232,NA,"Rocky",2024-12-11 16:14:00,"Sunny",3.4,1,1,18.364874676005,NA,18.364874676005,0.272258868530851,NA,7926889.28599053,39745.7375539529,7.92688928599053,39.7457375539529,49.2,8,13.5,0.061,295,"Polymictic",4.3,"Eutrophic",16.9
96,"Rotoehu",40188,"96_0",-38.0279864650977,176.516643669093,NA,"Sandy",2024-12-11 16:44:00,"Sunny",2.9,1,1,80.1449007371997,NA,75.4629505257541,0.0662576796317233,"relocated son now on beach but in between cliffs with many rocks",7926889.28599053,39745.7375539529,7.92688928599053,39.7457375539529,49.2,8,13.5,0.061,295,"Polymictic",4.3,"Eutrophic",16.9
97,"Rotomā",40102,"97_0",-38.03192,176.5593,NA,"Sandy",2024-11-06 11:15:00,"Cloudy",7.6,1,1,53.217273746614,127.058733966396,126.009846508404,0.158717755430851,NA,11137002.6670586,23686.3956326948,11.1370026670586,23.6863956326948,27.8,36.9,83,0.456,316,"Stratified",2.4,"Oligotrophic",51.6
98,"Rotomā",40102,"98_0",-38.03942,176.5778,NA,"Rocky",2024-11-06 12:15:00,"Cloudy",7.6,1,1,22.1358859314332,49.7590474375897,48.7136423915966,0.410562606655956,NA,11137002.6670586,23686.3956326948,11.1370026670586,23.6863956326948,27.8,36.9,83,0.456,316,"Stratified",2.4,"Oligotrophic",51.6
99,"Rotomā",40102,"99_0",-38.04339,176.5976,NA,"Sandy",2024-11-06 09:10:00,"Cloudy",7.6,1,1,78.1391192226858,146.840657949694,146.786508891309,0.136252303778199,"Dead standing trees on beach",11137002.6670586,23686.3956326948,11.1370026670586,23.6863956326948,27.8,36.9,83,0.456,316,"Stratified",2.4,"Oligotrophic",51.6
100,"Rotomā",40102,"100_0",-38.04971,176.5653,NA,"Emergent Macrophyte",2024-11-07 14:30:00,"Cloudy",7.6,0,0,630.728148242838,763.805567377251,763.788283079701,0.0261852668377645,"To deep for sediment or Macro",11137002.6670586,23686.3956326948,11.1370026670586,23.6863956326948,27.8,36.9,83,0.456,316,"Stratified",2.4,"Oligotrophic",51.6
101,"Rotomā",40102,"101_0",-38.02888,176.5752,NA,"Emergent Macrophyte",2024-11-06 10:45:00,"Cloudy",7.6,1,1,164.797658924659,199.568759298833,197.479843716441,0.101276158739105,"Dead Emergent Macrophyte in deeper part",11137002.6670586,23686.3956326948,11.1370026670586,23.6863956326948,27.8,36.9,83,0.456,316,"Stratified",2.4,"Oligotrophic",51.6
102,"Rotomā",40102,"102_0",-38.0198,176.5889,NA,"Rocky",2024-11-06 10:20:00,"Cloudy",7.6,0,0,32.3492755383488,74.865573586595,74.7216775696941,0.267659943546445,"To deep for sediment or Macro big boulders in the site",11137002.6670586,23686.3956326948,11.1370026670586,23.6863956326948,27.8,36.9,83,0.456,316,"Stratified",2.4,"Oligotrophic",51.6
103,"Rotomā",40102,"103_0",-38.06665,176.5956,NA,"Sandy",2024-11-07 15:30:00,"Cloudy+ little windy",7.6,1,1,55.8131770791461,110.464166232739,109.241631729059,0.183080385045913,"Close to road construction rocks",11137002.6670586,23686.3956326948,11.1370026670586,23.6863956326948,27.8,36.9,83,0.456,316,"Stratified",2.4,"Oligotrophic",51.6
104,"Rotomā",40102,"104_0",-38.04867,176.5634,NA,"Emergent Macrophyte",2024-11-07 14:00:00,"Cloudy",7.6,1,1,814.296643729011,939.055885989356,938.877215347447,0.0213020400038131,NA,11137002.6670586,23686.3956326948,11.1370026670586,23.6863956326948,27.8,36.9,83,0.456,316,"Stratified",2.4,"Oligotrophic",51.6
105,"Rotomā",40102,"105_0",-38.03613,176.5682,NA,"Rocky",2024-11-06 11:50:00,"Sunny",7.6,1,1,124.153795032488,216.999278829447,214.645988148536,0.0931766774329829,NA,11137002.6670586,23686.3956326948,11.1370026670586,23.6863956326948,27.8,36.9,83,0.456,316,"Stratified",2.4,"Oligotrophic",51.6
106,"Rotomā",40102,"106_0",-38.02546,176.5948,NA,"Sandy",2024-11-06 09:50:00,"Cloudy",7.6,1,1,98.4741658059494,182.056518707555,180.647588784886,0.11071279796497,"Weed in deeper part",11137002.6670586,23686.3956326948,11.1370026670586,23.6863956326948,27.8,36.9,83,0.456,316,"Stratified",2.4,"Oligotrophic",51.6
107,"Rotomā",40102,"107_0",-38.06453,176.6017,NA,"Sandy",2024-11-07 15:47:00,"Cloudy+ little windy",7.6,1,1,55.5296595183968,214.987852345571,186.207468325378,0.107407077599337,"Close to the boat ramp and jetty",11137002.6670586,23686.3956326948,11.1370026670586,23.6863956326948,27.8,36.9,83,0.456,316,"Stratified",2.4,"Oligotrophic",51.6
108,"Rotomā",40102,"108_0",-38.052,176.5715,NA,"Sandy",2024-11-07 15:00:00,"Cloudy",7.6,1,1,149.961670104467,257.676952424475,255.165057668663,0.0783806379397386,"Concreete wall and close to the boat ramp",11137002.6670586,23686.3956326948,11.1370026670586,23.6863956326948,27.8,36.9,83,0.456,316,"Stratified",2.4,"Oligotrophic",51.6
109,"Ōkāreka",15325,"109_0",-38.17284,176.3731,NA,"Rocky",2024-10-31 12:10:00,"Cloudy + windy",6.66666666666667,0,1,34.153824840345,92.3444979116756,91.4282251493164,0.218750828503309,NA,3434118.08964225,11094.5247032865,3.43411808964225,11.0945247032865,19.6,20,33.5,0.064,355,"Stratified",3.1,"Mesotrophic",65.2
110,"Ōkāreka",15325,"110_0",-38.16232,176.363,NA,"Sandy",2024-10-31 11:20:00,"Cloudy",6.66666666666667,1,1,75.5268575777751,364.852620125138,332.247986624121,0.0601960005934556,NA,3434118.08964225,11094.5247032865,3.43411808964225,11.0945247032865,19.6,20,33.5,0.064,355,"Stratified",3.1,"Mesotrophic",65.2
111,"Ōkāreka",15325,"111_0",-38.1738,176.3558,NA,"Emergent Macrophyte",2024-10-31 14:00:00,"Sunny + windy",6.66666666666667,0,1,27.3722761079685,170.502061954915,170.208329893393,0.117503062350278,NA,3434118.08964225,11094.5247032865,3.43411808964225,11.0945247032865,19.6,20,33.5,0.064,355,"Stratified",3.1,"Mesotrophic",65.2
112,"Ōkāreka",15325,"112_0",-38.17972,176.3565,NA,"Muddy",2025-01-22 10:21:00,"Windy",9.2,1,1,408.788572834147,609.920969695244,777.172,0.0257343290803065,NA,3434118.08964225,11094.5247032865,3.43411808964225,11.0945247032865,19.6,20,33.5,0.064,355,"Stratified",3.1,"Mesotrophic",65.2
113,"Ōkāreka",15325,"113_0",-38.17637,176.3755,NA,"Rocky",2025-01-22 09:00:00,"Windy",9.2,0,1,72.7347524596545,169.449157280751,169.241617628642,0.118174242720162,NA,3434118.08964225,11094.5247032865,3.43411808964225,11.0945247032865,19.6,20,33.5,0.064,355,"Stratified",3.1,"Mesotrophic",65.2
114,"Ōkāreka",15325,"114_0",-38.16176,176.3557,NA,"Emergent Macrophyte",2024-10-31 11:00:00,"Cloudy + windy",6.4,0,1,25.298489894855,286.512485429741,285.328641897722,0.0700946104358116,NA,3434118.08964225,11094.5247032865,3.43411808964225,11.0945247032865,19.6,20,33.5,0.064,355,"Stratified",3.1,"Mesotrophic",65.2
115,"Ōkāreka",15325,"115_0",-38.17203,176.3559,NA,"Sandy",2024-10-31 13:40:00,"Cloudy + windy",6.66666666666667,1,1,37.8733887673673,97.7338097506548,92.7157039998513,0.215713187056554,NA,3434118.08964225,11094.5247032865,3.43411808964225,11.0945247032865,19.6,20,33.5,0.064,355,"Stratified",3.1,"Mesotrophic",65.2
116,"Ōkāreka",15325,"116_0",-38.17679,176.3551,NA,"Muddy",2024-10-31 13:10:00,"Sunny",6.66666666666667,1,1,219.022180413599,275.984384677454,466.526,0.0428700651196289,NA,3434118.08964225,11094.5247032865,3.43411808964225,11.0945247032865,19.6,20,33.5,0.064,355,"Stratified",3.1,"Mesotrophic",65.2
117,"Ōkāreka",15325,"117_0",-38.17063,176.3718,NA,"Rocky",2024-10-31 11:44:00,"Cloudy + windy",6.66666666666667,0,1,29.0055734674296,107.758977700133,105.815168000486,0.189008819604276,NA,3434118.08964225,11094.5247032865,3.43411808964225,11.0945247032865,19.6,20,33.5,0.064,355,"Stratified",3.1,"Mesotrophic",65.2
118,"Ōkāreka",15325,"118_0",-38.16735,176.3474,NA,"Sandy",2024-10-31 10:00:00,"Cloudy",7.4,1,1,67.6277318591988,360.591898835181,360.11133465248,0.0555383795939128,NA,3434118.08964225,11094.5247032865,3.43411808964225,11.0945247032865,19.6,20,33.5,0.064,355,"Stratified",3.1,"Mesotrophic",65.2
119,"Ōkāreka",15325,"119_0",-38.17664,176.3527,NA,"Emergent Macrophyte",2024-10-31 14:30:00,"Cloudy + windy",6.66666666666667,0,1,33.6496755721102,166.744947575335,166.710960104996,0.119968117197597,NA,3434118.08964225,11094.5247032865,3.43411808964225,11.0945247032865,19.6,20,33.5,0.064,355,"Stratified",3.1,"Mesotrophic",65.2
120,"Ōkāreka",15325,"120_0",-38.17284,176.3504,NA,"Sandy",2024-10-31 09:10:00,"Sunny + cloudy",6.2,1,1,40.2295087875804,108.398427875167,108.398427875167,0.184504520886892,NA,3434118.08964225,11094.5247032865,3.43411808964225,11.0945247032865,19.6,20,33.5,0.064,355,"Stratified",3.1,"Mesotrophic",65.2
