"Lake","Var_type","Variable","n","Mean","Median","Min","Max","CI_low","CI_high"
"Rotorua","Env","DO_mgl",12,8.49083333333333,7.925,5.25,11.05,7.39379619461319,9.58787047205348
"Rotoiti","Env","DO_mgl",12,9.5875,9.755,6.8,10.64,8.9218728863871,10.2531271136129
"Rotoehu","Env","DO_mgl",12,10.3625,10.765,8.85,11.79,9.67293891953566,11.0520610804643
"Rotomā","Env","DO_mgl",12,9.71583333333333,9.76,8.66,10.31,9.45447439023266,9.97719227643401
"Ōkāreka","Env","DO_mgl",12,9.36583333333333,9.375,8.83,9.74,9.19674080095327,9.53492586571339
"Rotorua","Env","Emergent_vegetation",12,0,0,0,0,0,0
"Rotoiti","Env","Emergent_vegetation",12,9.5,0,0,100,-8.70732539719761,27.7073253971976
"Rotoehu","Env","Emergent_vegetation",12,8.75,0,0,35,-0.744376127069893,18.2443761270699
"Rotomā","Env","Emergent_vegetation",12,10.8333333333333,0,0,80,-4.77903132129926,26.4456979879659
"Ōkāreka","Env","Emergent_vegetation",12,22.5,0,0,90,-0.348425941419961,45.34842594142
"Rotorua","Env","Overhanging_trees",12,46.6666666666667,30,0,100,15.500759505668,77.8325738276653
"Rotoiti","Env","Overhanging_trees",12,54.1666666666667,65,0,100,23.2223383994442,85.1109949338892
"Rotoehu","Env","Overhanging_trees",12,35.8333333333333,0,0,100,5.24686991736703,66.4197967492996
"Rotomā","Env","Overhanging_trees",12,52.5,55,0,100,22.4379724575037,82.5620275424963
"Ōkāreka","Env","Overhanging_trees",12,52.5,65,0,100,21.7142091998181,83.2857908001819
"Rotorua","Env","Riparian_vegetation",12,67.5,100,0,100,40.1214034933829,94.8785965066171
"Rotoiti","Env","Riparian_vegetation",12,92.5,100,20,100,77.8789651045751,107.121034895425
"Rotoehu","Env","Riparian_vegetation",12,67.5,100,0,100,36.9535581430999,98.0464418569001
"Rotomā","Env","Riparian_vegetation",12,63.3333333333333,90,0,100,35.1348208147456,91.531845851921
"Ōkāreka","Env","Riparian_vegetation",12,75.8333333333333,100,0,100,48.0115093732693,103.655157293397
"Rotorua","Env","Slope_5m",12,0.024303292856202,0.00857739122783205,0.00567050386346284,0.161796673703308,-0.00412696395619951,0.0527335496686036
"Rotoiti","Env","Slope_5m",12,0.0926524251161651,0.0655510017538072,0.0350396122081481,0.302997666536485,0.044543331349403,0.140761518882927
"Rotoehu","Env","Slope_5m",12,0.0782040605048988,0.0605402963080073,0.0206312103893389,0.272258868530851,0.0323482912549566,0.124059829754841
"Rotomā","Env","Slope_5m",12,0.0739005872515811,0.0573815869709872,0.00614026846175231,0.225877564398719,0.0333696101400955,0.114431564363067
"Ōkāreka","Env","Slope_5m",12,0.112326519445632,0.12815284712292,0.0122312616650089,0.197640255239775,0.0728939278192795,0.151759111071985
"Rotorua","Env","Specific_conductivity",12,205.35971510319,188.267177633911,156.196397941681,443.009043028918,156.394220762228,254.325209444151
"Rotoiti","Env","Specific_conductivity",12,163.112140610573,158.698635756461,155.786026200873,196.006475984889,156.223303323077,170.000977898069
"Rotoehu","Env","Specific_conductivity",12,458.890099634169,458.2166702563,455.441392325435,464.72198820556,456.905920860457,460.87427840788
"Rotomā","Env","Specific_conductivity",12,162.896587443061,161.792941178742,156.730769230769,174.96083865526,159.940792648322,165.8523822378
"Ōkāreka","Env","Specific_conductivity",12,76.3401323902193,76.1532325845695,75.6221309495047,78.5881195424917,75.8170967982755,76.8631679821631
"Rotorua","Env","Submerged_vegetation",12,0.833333333333333,0,0,10,-1.00082096674303,2.6674876334097
"Rotoiti","Env","Submerged_vegetation",12,0.833333333333333,0,0,10,-1.00082096674303,2.6674876334097
"Rotoehu","Env","Submerged_vegetation",12,51.4166666666667,52.5,0,100,20.5060090456369,82.3273242876964
"Rotomā","Env","Submerged_vegetation",12,21.6666666666667,10,0,85,2.20859278354108,41.1247405497923
"Ōkāreka","Env","Submerged_vegetation",12,10.8333333333333,0,0,100,-7.43302197354685,29.0996886402135
"Rotorua","Env","Substrate_index",12,3.65833333333333,3.3,2.8,6.3,3.00729663035083,4.30937003631583
"Rotoiti","Env","Substrate_index",12,3.92083333333333,3.2,2,8,2.72835409989405,5.11331256677261
"Rotoehu","Env","Substrate_index",12,2.77083333333333,2.45,2,4.9,2.15207649870778,3.38959016795889
"Rotomā","Env","Substrate_index",12,3.5,3.025,2,6.2,2.636547279652,4.363452720348
"Ōkāreka","Env","Substrate_index",12,2.85833333333333,2.7,1,6.2,1.92396144594412,3.79270522072255
"Rotorua","Env","Temperature",12,23.15,23.25,21.8,25.3,22.5166551699979,23.7833448300021
"Rotoiti","Env","Temperature",12,21.625,21.5,20.6,23.8,21.0301260208218,22.2198739791782
"Rotoehu","Env","Temperature",12,22.1083333333333,22.05,21.2,23,21.7218926086201,22.4947740580465
"Rotomā","Env","Temperature",12,17.0166666666667,16.85,16.3,18.1,16.6404515855356,17.3928817477977
"Ōkāreka","Env","Temperature",12,16.9833333333333,16.3,16,20.7,15.9267932989336,18.0398733677331
"Rotorua","Env","Wood_cover",12,8.33333333333333,3.5,0,30,1.97771138897131,14.6889552776954
"Rotoiti","Env","Wood_cover",12,4.25,1.5,0,20,0.313457197880832,8.18654280211917
"Rotoehu","Env","Wood_cover",12,14.9166666666667,10,3,40,7.23727485491194,22.5960584784214
"Rotomā","Env","Wood_cover",12,10,10,0,30,4.13279087621288,15.8672091237871
"Ōkāreka","Env","Wood_cover",12,11.25,7.5,0,40,2.5630343061177,19.9369656938823
"Rotorua","Env","pH",12,6.94333333333333,7.04,3.78,7.69,6.29066111060775,7.59600555605892
"Rotoiti","Env","pH",12,8.6675,8.725,8.08,9.02,8.46118710097408,8.87381289902592
"Rotoehu","Env","pH",12,8.83083333333333,8.905,8.46,9.21,8.6766106101553,8.98505605651136
"Rotomā","Env","pH",12,7.8025,7.92,6.44,8.56,7.47370979019375,8.13129020980625
"Ōkāreka","Env","pH",12,8.325,8.29,7.77,9,8.14568897672813,8.50431102327187
"Rotorua","Fish","Presence_Catfish",12,0.0833333333333333,0,0,1,-0.100082096674303,0.26674876334097
"Rotoiti","Fish","Presence_Catfish",12,0.416666666666667,0,0,1,0.0894966109726594,0.743836722360674
"Rotoehu","Fish","Presence_Catfish",12,0,0,0,0,0,0
"Rotomā","Fish","Presence_Catfish",12,0,0,0,0,0,0
"Ōkāreka","Fish","Presence_Catfish",12,0,0,0,0,0,0
"Rotorua","Fish","Presence_Common_smelt",12,0.25,0,0,1,-0.0373567530965217,0.537356753096522
"Rotoiti","Fish","Presence_Common_smelt",12,0.666666666666667,1,0,1,0.353832258120263,0.97950107521307
"Rotoehu","Fish","Presence_Common_smelt",12,0.5,0.5,0,1,0.168189002492533,0.831810997507467
"Rotomā","Fish","Presence_Common_smelt",12,0.416666666666667,0,0,1,0.0894966109726594,0.743836722360674
"Ōkāreka","Fish","Presence_Common_smelt",12,0.583333333333333,1,0,1,0.256163277639326,0.910503389027341
"Rotorua","Fish","Presence_Eel",12,0.333333333333333,0,0,1,0.0204989247869297,0.646167741879737
"Rotoiti","Fish","Presence_Eel",12,0.0833333333333333,0,0,1,-0.100082096674303,0.26674876334097
"Rotoehu","Fish","Presence_Eel",12,0,0,0,0,0,0
"Rotomā","Fish","Presence_Eel",12,0.25,0,0,1,-0.0373567530965217,0.537356753096522
"Ōkāreka","Fish","Presence_Eel",12,0,0,0,0,0,0
"Rotorua","Fish","Presence_Goldfish",12,0.0833333333333333,0,0,1,-0.100082096674303,0.26674876334097
"Rotoiti","Fish","Presence_Goldfish",12,0.666666666666667,1,0,1,0.353832258120263,0.97950107521307
"Rotoehu","Fish","Presence_Goldfish",12,1,1,1,1,1,1
"Rotomā","Fish","Presence_Goldfish",12,0.5,0.5,0,1,0.168189002492533,0.831810997507467
"Ōkāreka","Fish","Presence_Goldfish",12,0.25,0,0,1,-0.0373567530965217,0.537356753096522
"Rotorua","Fish","Presence_Kōaro",12,0,0,0,0,0,0
"Rotoiti","Fish","Presence_Kōaro",12,0,0,0,0,0,0
"Rotoehu","Fish","Presence_Kōaro",12,0,0,0,0,0,0
"Rotomā","Fish","Presence_Kōaro",12,0,0,0,0,0,0
"Ōkāreka","Fish","Presence_Kōaro",12,0.666666666666667,1,0,1,0.353832258120263,0.97950107521307
"Rotorua","Fish","Presence_Trout",12,0.166666666666667,0,0,1,-0.0806506487029033,0.413983982036237
"Rotoiti","Fish","Presence_Trout",12,0.166666666666667,0,0,1,-0.0806506487029033,0.413983982036237
"Rotoehu","Fish","Presence_Trout",12,0,0,0,0,0,0
"Rotomā","Fish","Presence_Trout",12,0,0,0,0,0,0
"Ōkāreka","Fish","Presence_Trout",12,0.166666666666667,0,0,1,-0.0806506487029033,0.413983982036237
